Pre,Displacement,Tension
0,0,0.5
0,0.01,0.4
0.01,0.01,0.4
0.01,0.03,0.2
0.03,0.04,0.6
0.04,0.05,0.6
0.05,0.06,0.5
0.06,0.08,0.7
0.08,0.09,0.9
0.09,0.1,0.9
0.1,0.12,0.8
0.12,0.12,0.8
0.12,0.14,0.9
0.14,0.15,1
0.15,0.17,1.2
0.17,0.17,1.2
0.17,0.19,1.2
0.19,0.2,1.3
0.2,0.21,1.4
0.21,0.22,1.5
0.22,0.24,1.5
0.24,0.25,1.7
0.25,0.26,1.7
0.26,0.27,1.6
0.27,0.28,1.6
0.28,0.3,1.7
0.3,0.31,1.7
0.31,0.32,1.6
0.32,0.34,1.6
0.34,0.35,1.8
0.35,0.36,1.9
0.36,0.37,2.1
0.37,0.39,2.2
0.39,0.4,2.3
0.4,0.41,2.2
0.41,0.43,2.3
0.43,0.44,2.6
0.44,0.45,2.5
0.45,0.46,2.5
0.46,0.47,2.6
0.47,0.49,2.7
0.49,0.5,2.7
0.5,0.51,3
0.51,0.52,3.1
0.52,0.54,3.1
0.54,0.55,3
0.55,0.56,3
0.56,0.57,3.2
0.57,0.59,3.4
0.59,0.6,3.4
0.6,0.61,3.5
0.61,0.63,3.6
0.63,0.64,3.6
0.64,0.65,3.1
0.65,0.67,3.3
0.67,0.68,3.6
0.68,0.7,3.7
0.7,0.71,3.7
0.71,0.72,3.9
0.72,0.74,3.8
0.74,0.75,3.9
0.75,0.76,4
0.76,0.77,4
0.77,0.79,4.2
0.79,0.8,4.2
0.8,0.81,4.3
0.81,0.83,4.5
0.83,0.83,4.5
0.83,0.85,4.5
0.85,0.86,4.4
0.86,0.88,4.5
0.88,0.88,4.7
0.88,0.9,4.8
0.9,0.91,4.9
0.91,0.93,4.7
0.93,0.94,4.7
0.94,0.95,5
0.95,0.96,4.9
0.96,0.98,4.9
0.98,0.99,5.3
0.99,1,5.5
1,1.01,5.5
1.01,1.03,5.4
1.03,1.04,5.7
1.04,1.05,5.6
1.05,1.07,5.3
1.07,1.08,5.5
1.08,1.09,5.5
1.09,1.11,5.7
1.11,1.12,5.7
1.12,1.13,5.9
1.13,1.15,6
1.15,1.16,6.1
1.16,1.17,6.1
1.17,1.19,6.1
1.19,1.2,6.1
1.2,1.22,6.1
1.22,1.23,6.3
1.23,1.25,6
1.25,1.25,6.2
1.25,1.27,6.5
1.27,1.28,6.5
1.28,1.29,6.5
1.29,1.31,6.5
1.31,1.33,6.7
1.33,1.34,6.8
1.34,1.35,7
1.35,1.36,7.1
1.36,1.37,7
1.37,1.38,7
1.38,1.4,7.1
1.4,1.41,7.4
1.41,1.42,7.3
1.42,1.43,7.4
1.43,1.45,7.4
1.45,1.46,7.4
1.46,1.48,7.4
1.48,1.49,7.4
1.49,1.5,7.5
1.5,1.51,7.7
1.51,1.53,7.8
1.53,1.54,8
1.54,1.55,7.7
1.55,1.57,7.6
1.57,1.58,8
1.58,1.59,8.2
1.59,1.61,8.2
1.61,1.61,8.2
1.61,1.63,8
1.63,1.65,7.9
1.65,1.65,8.1
1.65,1.66,8.3
1.66,1.68,8.4
1.68,1.69,8.3
1.69,1.71,8.3
1.71,1.72,8.6
1.72,1.73,8.9
1.73,1.75,8.9
1.75,1.76,8.8
1.76,1.77,9.2
1.77,1.78,8.8
1.78,1.8,8.8
1.8,1.81,9.4
1.81,1.82,9.3
1.82,1.84,9.1
1.84,1.85,9.2
1.85,1.86,9.2
1.86,1.88,9.4
1.88,1.88,9.5
1.88,1.9,9.2
1.9,1.91,9.2
1.91,1.92,9.6
1.92,1.93,10
1.93,1.95,9.7
1.95,1.97,9.8
1.97,1.98,9.8
1.98,1.98,9.8
1.98,2.01,10
2.01,2.02,9.9
2.02,2.03,9.7
2.03,2.05,9.8
2.05,2.06,10
2.06,2.07,10
2.07,2.09,9.9
2.09,2.1,10.1
2.1,2.11,10
2.11,2.13,10.1
2.13,2.14,10.3
2.14,2.15,10.2
2.15,2.17,10.3
2.17,2.18,10.5
2.18,2.19,10.4
2.19,2.21,10.4
2.21,2.22,10.7
2.22,2.23,10.8
2.23,2.25,10.8
2.25,2.26,10.7
2.26,2.27,10.9
2.27,2.29,11.1
2.29,2.31,11
2.31,2.32,11
2.32,2.33,10.9
2.33,2.34,11
2.34,2.35,11.4
2.35,2.37,11.3
2.37,2.38,11.6
2.38,2.39,11.8
2.39,2.4,11.8
2.4,2.42,11.7
2.42,2.43,11.6
2.43,2.44,11.6
2.44,2.46,11.7
2.46,2.47,11.8
2.47,2.48,11.9
2.48,2.5,11.9
2.5,2.51,12.1
2.51,2.52,12.1
2.52,2.53,12.1
2.53,2.55,12.2
2.55,2.56,12.3
2.56,2.57,12.1
2.57,2.59,12.1
2.59,2.6,12.6
2.6,2.61,12.8
2.61,2.62,12.7
2.62,2.64,12.9
2.64,2.65,13.1
2.65,2.66,12.9
2.66,2.67,12.9
2.67,2.69,13.1
2.69,2.7,13.3
2.7,2.71,13.2
2.71,2.73,13.2
2.73,2.74,13.4
2.74,2.76,13.5
2.76,2.77,13.4
2.77,2.78,13.6
2.78,2.8,13.6
2.8,2.81,13.8
2.81,2.82,13.9
2.82,2.83,13.7
2.83,2.84,13.8
2.84,2.86,14
2.86,2.87,14.3
2.87,2.88,14.4
2.88,2.89,14.1
2.89,2.91,14
2.91,2.92,14
2.92,2.93,14.2
2.93,2.95,14.3
2.95,2.96,14.4
2.96,2.97,14.5
2.97,2.98,14.4
2.98,2.99,14.5
2.99,3.01,14.4
3.01,3.02,14.5
3.02,3.03,14.9
3.03,3.04,14.8
3.04,3.06,15
3.06,3.07,15.2
3.07,3.08,15
3.08,3.1,14.9
3.1,3.11,15
3.11,3.12,15.2
3.12,3.14,15.1
3.14,3.15,15.2
3.15,3.16,15.1
3.16,3.17,15.1
3.17,3.19,15.6
3.19,3.2,15.5
3.2,3.21,15.3
3.21,3.23,15.2
3.23,3.24,15.4
3.24,3.26,15.8
3.26,3.27,15.9
3.27,3.28,15.9
3.28,3.3,15.9
3.3,3.31,16
3.31,3.32,15.9
3.32,3.33,16.2
3.33,3.35,16.1
3.35,3.36,16.1
3.36,3.37,16.3
3.37,3.39,16.4
3.39,3.4,16.4
3.4,3.41,16.6
3.41,3.42,16.7
3.42,3.43,16.8
3.43,3.45,16.7
3.45,3.46,16.6
3.46,3.47,16.8
3.47,3.48,16.8
3.48,3.5,16.8
3.5,3.51,16.8
3.51,3.52,16.9
3.52,3.53,17.1
3.53,3.55,17.3
3.55,3.56,17.5
3.56,3.57,17.5
3.57,3.59,17.5
3.59,3.6,17.4
3.6,3.61,17.3
3.61,3.63,17.5
3.63,3.64,17.7
3.64,3.65,17.8
3.65,3.67,17.8
3.67,3.68,17.7
3.68,3.69,17.8
3.69,3.7,18
3.7,3.72,18.1
3.72,3.73,18.1
3.73,3.74,18
3.74,3.76,18.2
3.76,3.77,18
3.77,3.78,18.1
3.78,3.8,18.3
3.8,3.81,18.4
3.81,3.82,18.8
3.82,3.83,18.8
3.83,3.84,18.9
3.84,3.86,18.8
3.86,3.87,18.7
3.87,3.88,18.6
3.88,3.9,18.7
3.9,3.91,18.9
3.91,3.92,18.9
3.92,3.93,18.9
3.93,3.95,19
3.95,3.95,18.9
3.95,3.97,19
3.97,3.98,19.2
3.98,3.98,19.1
3.98,4,19.3
4,4.01,19.5
4.01,4.03,19.4
4.03,4.03,19.4
4.03,4.05,19.5
4.05,4.06,19.6
4.06,4.07,19.7
4.07,4.09,19.8
4.09,4.09,19.7
4.09,4.11,19.8
4.11,4.12,19.9
4.12,4.14,20
4.14,4.15,20.1
4.15,4.16,20.2
4.16,4.17,20.2
4.17,4.18,20.2
4.18,4.2,20.4
4.2,4.21,20.3
4.21,4.22,20.1
4.22,4.23,20.4
4.23,4.25,20.5
4.25,4.26,20.7
4.26,4.27,20.6
4.27,4.28,20.8
4.28,4.3,21
4.3,4.31,20.8
4.31,4.32,20.7
4.32,4.34,20.9
4.34,4.35,20.9
4.35,4.36,20.9
4.36,4.38,21.1
4.38,4.39,21.2
4.39,4.4,21.2
4.4,4.41,21.3
4.41,4.42,21.3
4.42,4.44,21.5
4.44,4.45,21.7
4.45,4.46,21.6
4.46,4.47,21.7
4.47,4.49,21.8
4.49,4.5,21.7
4.5,4.51,21.5
4.51,4.53,21.9
4.53,4.53,22
4.53,4.55,22
4.55,4.57,22.1
4.57,4.57,22
4.57,4.59,22.2
4.59,4.61,22.5
4.61,4.61,22.4
4.61,4.63,22.2
4.63,4.64,22.1
4.64,4.65,22.4
4.65,4.67,22.6
4.67,4.68,22.6
4.68,4.69,22.7
4.69,4.7,22.8
4.7,4.72,22.9
4.72,4.73,22.8
4.73,4.74,23.1
4.74,4.76,23
4.76,4.77,22.9
4.77,4.78,23
4.78,4.8,23.1
4.8,4.81,23.4
4.81,4.82,23.5
4.82,4.84,23.5
4.84,4.85,23.5
4.85,4.86,23.6
4.86,4.88,23.4
4.88,4.89,23.6
4.89,4.9,24
4.9,4.91,24
4.91,4.93,23.8
4.93,4.94,24.2
4.94,4.95,24.1
4.95,4.97,23.9
4.97,4.98,24.1
4.98,4.99,24
4.99,4.99,24.2
4.99,4.99,24.4
4.99,4.99,24.3
4.99,4.99,24.3
4.99,4.99,24.3
4.99,4.99,24.3
4.99,4.99,24.4
4.99,4.99,24.5
4.99,4.99,24.4
4.99,4.99,24.3
4.99,4.99,24.3
4.99,4.99,24.5
4.99,4.99,24
4.99,4.99,24.1
4.99,4.99,24.3
4.99,4.99,24.3
4.99,4.99,24.4
4.99,4.99,24.5
4.99,4.99,24.5
4.99,4.98,24.2
4.98,4.96,24.1
4.96,4.95,24.2
4.95,4.94,24.1
4.94,4.93,23.9
4.93,4.91,23.9
4.91,4.91,23.9
4.91,4.89,24
4.89,4.88,23.8
4.88,4.86,23.9
4.86,4.85,23.8
4.85,4.84,23.8
4.84,4.82,23.8
4.82,4.81,23.5
4.81,4.8,23.5
4.8,4.78,23.1
4.78,4.77,23
4.77,4.76,23.3
4.76,4.75,23.2
4.75,4.74,23.2
4.74,4.72,22.8
4.72,4.71,22.7
4.71,4.7,22.9
4.7,4.68,22.8
4.68,4.67,22.9
4.67,4.66,22.7
4.66,4.65,22.4
4.65,4.63,22.4
4.63,4.62,22.5
4.62,4.61,22.6
4.61,4.59,22.5
4.59,4.58,22.1
4.58,4.57,22.2
4.57,4.55,22.1
4.55,4.54,22.1
4.54,4.53,22.1
4.53,4.51,21.9
4.51,4.51,22.1
4.51,4.49,21.9
4.49,4.48,21.7
4.48,4.47,21.6
4.47,4.46,21.8
4.46,4.44,21.4
4.44,4.43,21.1
4.43,4.42,21.2
4.42,4.41,21.3
4.41,4.39,21.2
4.39,4.38,21.1
4.38,4.36,21.1
4.36,4.36,21.2
4.36,4.34,20.9
4.34,4.33,20.9
4.33,4.32,20.8
4.32,4.3,20.7
4.3,4.29,20.6
4.29,4.28,20.7
4.28,4.27,20.6
4.27,4.25,20.6
4.25,4.24,20.5
4.24,4.23,20.5
4.23,4.22,20.3
4.22,4.2,20.4
4.2,4.19,20.4
4.19,4.18,20.1
4.18,4.16,20.1
4.16,4.15,20.3
4.15,4.14,20
4.14,4.13,19.8
4.13,4.11,19.9
4.11,4.11,19.9
4.11,4.09,19.8
4.09,4.07,19.9
4.07,4.07,19.8
4.07,4.05,19.6
4.05,4.04,19.5
4.04,4.03,19.4
4.03,4.01,19.5
4.01,4.01,19.4
4.01,4,19.3
4,3.98,19.3
3.98,3.97,19.2
3.97,3.96,19.2
3.96,3.95,19.3
3.95,3.93,19.2
3.93,3.93,19.2
3.93,3.91,19.1
3.91,3.9,19
3.9,3.89,18.8
3.89,3.88,18.8
3.88,3.86,18.8
3.86,3.85,18.8
3.85,3.84,18.5
3.84,3.82,18.4
3.82,3.81,18.5
3.81,3.8,18.5
3.8,3.78,18.7
3.78,3.77,18.4
3.77,3.76,18.3
3.76,3.75,18.1
3.75,3.73,18
3.73,3.72,18
3.72,3.71,17.9
3.71,3.69,17.7
3.69,3.68,17.8
3.68,3.67,17.8
3.67,3.65,17.8
3.65,3.64,17.7
3.64,3.63,17.8
3.63,3.61,17.7
3.61,3.6,17.8
3.6,3.59,17.6
3.59,3.58,17.4
3.58,3.56,17.4
3.56,3.55,17
3.55,3.54,17
3.54,3.53,17.1
3.53,3.52,17
3.52,3.5,16.9
3.5,3.49,16.8
3.49,3.48,16.8
3.48,3.46,16.9
3.46,3.45,16.7
3.45,3.44,16.7
3.44,3.43,16.7
3.43,3.42,16.4
3.42,3.41,16.3
3.41,3.39,16.5
3.39,3.38,16.5
3.38,3.37,16.4
3.37,3.36,16
3.36,3.34,15.9
3.34,3.33,16.2
3.33,3.31,16.2
3.31,3.3,16.2
3.3,3.29,16.1
3.29,3.28,15.9
3.28,3.26,15.7
3.26,3.25,15.3
3.25,3.24,15.4
3.24,3.22,15.4
3.22,3.21,15.4
3.21,3.2,15.3
3.2,3.19,15.4
3.19,3.17,15.2
3.17,3.16,15.3
3.16,3.15,15.1
3.15,3.13,14.9
3.13,3.12,14.9
3.12,3.11,15
3.11,3.09,15.1
3.09,3.08,15
3.08,3.07,14.8
3.07,3.05,14.5
3.05,3.04,14.5
3.04,3.03,14.6
3.03,3.02,14.4
3.02,3.01,14.2
3.01,2.99,14.4
2.99,2.98,14.1
2.98,2.97,14.2
2.97,2.96,14
2.96,2.94,13.8
2.94,2.93,13.9
2.93,2.92,13.8
2.92,2.9,13.7
2.9,2.89,13.8
2.89,2.88,13.6
2.88,2.87,13.3
2.87,2.85,13.2
2.85,2.84,13.2
2.84,2.83,13.4
2.83,2.81,13.5
2.81,2.8,13.5
2.8,2.79,13.5
2.79,2.77,13.2
2.77,2.76,13.2
2.76,2.75,13.2
2.75,2.74,13.1
2.74,2.73,12.8
2.73,2.71,12.8
2.71,2.7,12.9
2.7,2.69,12.6
2.69,2.67,12.5
2.67,2.66,12.4
2.66,2.65,12.5
2.65,2.63,12.3
2.63,2.62,12.1
2.62,2.61,12.3
2.61,2.59,12.3
2.59,2.58,12.3
2.58,2.57,12.2
2.57,2.56,12.1
2.56,2.54,11.7
2.54,2.53,11.7
2.53,2.52,11.9
2.52,2.5,11.9
2.5,2.49,11.6
2.49,2.48,11.6
2.48,2.47,11.8
2.47,2.45,11.6
2.45,2.44,11.5
2.44,2.43,11.5
2.43,2.41,11.6
2.41,2.4,11.2
2.4,2.39,11
2.39,2.38,11
2.38,2.37,11
2.37,2.35,11.1
2.35,2.34,11
2.34,2.33,10.9
2.33,2.31,10.9
2.31,2.3,10.8
2.3,2.29,10.8
2.29,2.27,10.8
2.27,2.26,10.8
2.26,2.25,10.6
2.25,2.23,10.5
2.23,2.22,10.4
2.22,2.21,10.4
2.21,2.19,10.4
2.19,2.18,10.3
2.18,2.16,10.3
2.16,2.15,10
2.15,2.14,9.8
2.14,2.12,10
2.12,2.11,10
2.11,2.09,9.8
2.09,2.08,9.7
2.08,2.07,9.8
2.07,2.06,9.9
2.06,2.04,9.8
2.04,2.03,9.6
2.03,2.02,9.5
2.02,2,9.3
2,1.99,9.4
1.99,1.98,9.2
1.98,1.96,9.1
1.96,1.95,8.9
1.95,1.93,8.9
1.93,1.92,9.1
1.92,1.91,8.9
1.91,1.9,9.1
1.9,1.88,9.1
1.88,1.87,8.8
1.87,1.86,8.6
1.86,1.85,8.7
1.85,1.83,8.6
1.83,1.82,8.6
1.82,1.8,8.4
1.8,1.79,8.2
1.79,1.78,8.5
1.78,1.76,8.6
1.76,1.75,8.3
1.75,1.74,8.1
1.74,1.73,8.4
1.73,1.72,8.2
1.72,1.71,7.9
1.71,1.69,8
1.69,1.67,7.9
1.67,1.66,7.9
1.66,1.65,7.6
1.65,1.64,7.7
1.64,1.63,7.6
1.63,1.61,7.4
1.61,1.6,7.5
1.6,1.59,7.5
1.59,1.58,7.4
1.58,1.56,7.4
1.56,1.55,7.2
1.55,1.54,7
1.54,1.52,7.1
1.52,1.51,7.3
1.51,1.5,7.1
1.5,1.49,6.8
1.49,1.48,7
1.48,1.46,6.9
1.46,1.45,7
1.45,1.43,6.8
1.43,1.42,6.7
1.42,1.41,6.7
1.41,1.39,6.5
1.39,1.38,6.3
1.38,1.37,6.3
1.37,1.36,6.3
1.36,1.35,6.3
1.35,1.33,6.2
1.33,1.32,6.1
1.32,1.3,6.1
1.3,1.29,6.1
1.29,1.27,6.2
1.27,1.26,6
1.26,1.25,5.8
1.25,1.24,5.8
1.24,1.23,5.8
1.23,1.21,5.5
1.21,1.2,5.5
1.2,1.18,5.7
1.18,1.17,5.7
1.17,1.15,5.7
1.15,1.14,5.5
1.14,1.12,5.4
1.12,1.11,5.3
1.11,1.1,5.3
1.1,1.09,5.3
1.09,1.08,5.2
1.08,1.06,5.3
1.06,1.05,5
1.05,1.03,4.9
1.03,1.02,4.9
1.02,1.01,4.8
1.01,1,4.6
1,0.98,4.5
0.98,0.98,4.4
0.98,0.96,4.4
0.96,0.95,4.3
0.95,0.93,4.4
0.93,0.92,4.5
0.92,0.91,4.2
0.91,0.9,4.1
0.9,0.88,4.1
0.88,0.87,4.1
0.87,0.86,4
0.86,0.85,4
0.85,0.83,4.1
0.83,0.82,3.9
0.82,0.81,4
0.81,0.79,3.8
0.79,0.77,3.4
0.77,0.77,3.6
0.77,0.75,3.7
0.75,0.74,3.6
0.74,0.73,3.2
0.73,0.71,3.3
0.71,0.7,3.4
0.7,0.69,3.4
0.69,0.68,3.3
0.68,0.66,3.4
0.66,0.65,3.6
0.65,0.63,3
0.63,0.62,2.9
0.62,0.61,3
0.61,0.6,2.9
0.6,0.58,2.7
0.58,0.57,2.8
0.57,0.56,2.6
0.56,0.55,2.6
0.55,0.53,3
0.53,0.52,2.9
0.52,0.51,2.6
0.51,0.5,2.9
0.5,0.49,2.9
0.49,0.47,2.6
0.47,0.45,2.3
0.45,0.45,2
0.45,0.43,2.1
0.43,0.41,2.3
0.41,0.41,2.1
0.41,0.4,2.2
0.4,0.38,2.2
0.38,0.37,2.2
0.37,0.35,2
0.35,0.34,2
0.34,0.33,2
0.33,0.31,1.9
0.31,0.3,2
0.3,0.29,1.8
0.29,0.28,1.7
0.28,0.26,1.7
0.26,0.25,1.8
0.25,0.25,1.7
0.25,0.23,1.9
0.23,0.22,2
0.22,0.2,1.7
0.2,0.19,1.5
0.19,0.17,1.4
0.17,0.17,1.6
0.17,0.15,1.5
0.15,0.13,1.6
0.13,0.12,1.6
0.12,0.11,1.7
0.11,0.1,1.6
0.1,0.09,1.4
0.09,0.08,1.1
0.08,0.06,1.1
0.06,0.05,1.1
0.05,0.04,1.2
0.04,0.03,1.2
0.03,0.01,1.3
0.01,0,1.3
0,0,1.2
0,0,1.1
0,0,1.2
0,0,1.1
0,0,1.1
0,0,1.1
0,0,1.1
0,0,1
0,0,1.3
0,0,1.4
0,0,1.2
0,0,1.4
0,0,1.3
0,0,1.4
0,0,1.1
0,0,1.1
0,0,1.4
0,0,1.3
0,0,1.4
0,0.01,1.2
0.01,0.03,1.2
0.03,0.05,1.5
0.05,0.05,1.7
0.05,0.06,1.6
0.06,0.08,1.4
0.08,0.09,1.6
0.09,0.1,1.7
0.1,0.12,1.8
0.12,0.12,1.9
0.12,0.14,1.9
0.14,0.15,1.9
0.15,0.17,2
0.17,0.17,1.8
0.17,0.19,2
0.19,0.2,2.7
0.2,0.21,2.4
0.21,0.22,2.1
0.22,0.24,2.4
0.24,0.25,2.6
0.25,0.26,2.6
0.26,0.28,2.9
0.28,0.28,2.8
0.28,0.3,2.9
0.3,0.31,2.7
0.31,0.33,2.7
0.33,0.34,3
0.34,0.35,2.8
0.35,0.37,2.8
0.37,0.37,3.1
0.37,0.39,3.3
0.39,0.4,3.3
0.4,0.41,3.2
0.41,0.43,3.2
0.43,0.44,3.5
0.44,0.45,3.6
0.45,0.46,3.4
0.46,0.48,3.5
0.48,0.49,3.7
0.49,0.5,3.4
0.5,0.51,3.5
0.51,0.53,3.6
0.53,0.54,3.6
0.54,0.55,3.7
0.55,0.56,3.9
0.56,0.58,3.9
0.58,0.6,3.9
0.6,0.61,4
0.61,0.61,4.2
0.61,0.63,4.4
0.63,0.65,4.5
0.65,0.65,4.5
0.65,0.67,4.5
0.67,0.69,4.5
0.69,0.7,4.6
0.7,0.71,4.4
0.71,0.72,4.3
0.72,0.74,4.7
0.74,0.75,4.9
0.75,0.76,5
0.76,0.77,5.3
0.77,0.79,5.3
0.79,0.8,5
0.8,0.81,5.2
0.81,0.83,5.2
0.83,0.84,5.4
0.84,0.85,5.4
0.85,0.86,5.1
0.86,0.88,5.2
0.88,0.88,5.5
0.88,0.9,5.5
0.9,0.91,5.8
0.91,0.93,5.7
0.93,0.94,5.6
0.94,0.95,5.9
0.95,0.96,6
0.96,0.98,5.7
0.98,1,5.9
1,1,6.1
1,1.01,6.1
1.01,1.03,6.2
1.03,1.04,6.4
1.04,1.05,6.5
1.05,1.07,6.5
1.07,1.08,6.5
1.08,1.1,6.3
1.1,1.11,6.5
1.11,1.12,6.9
1.12,1.13,7.1
1.13,1.15,7.1
1.15,1.16,7
1.16,1.17,6.9
1.17,1.19,7
1.19,1.21,7.2
1.21,1.22,7.1
1.22,1.23,7.2
1.23,1.25,7.4
1.25,1.26,7.4
1.26,1.27,7.7
1.27,1.29,7.6
1.29,1.3,7.4
1.3,1.32,7.6
1.32,1.33,7.7
1.33,1.34,7.8
1.34,1.35,7.7
1.35,1.37,7.8
1.37,1.37,8.1
1.37,1.39,8.3
1.39,1.4,8.2
1.4,1.41,8.3
1.41,1.42,8.3
1.42,1.44,8.5
1.44,1.46,8.5
1.46,1.47,8.6
1.47,1.48,8.9
1.48,1.49,8.8
1.49,1.5,8.6
1.5,1.52,8.9
1.52,1.53,9.1
1.53,1.54,9.3
1.54,1.55,9.4
1.55,1.57,9.4
1.57,1.58,9.3
1.58,1.6,9.4
1.6,1.61,9.4
1.61,1.62,9.3
1.62,1.63,9.4
1.63,1.65,9.6
1.65,1.66,9.6
1.66,1.67,10
1.67,1.68,10
1.68,1.7,9.9
1.7,1.71,9.8
1.71,1.73,10.1
1.73,1.74,10.2
1.74,1.75,10.4
1.75,1.76,10.5
1.76,1.77,10.5
1.77,1.78,10.3
1.78,1.8,10.5
1.8,1.82,10.7
1.82,1.83,10.7
1.83,1.84,10.8
1.84,1.86,10.8
1.86,1.86,10.9
1.86,1.88,10.7
1.88,1.89,11.1
1.89,1.9,11.1
1.9,1.91,10.9
1.91,1.93,10.9
1.93,1.94,11.1
1.94,1.96,11.1
1.96,1.97,11.3
1.97,1.98,11.3
1.98,1.99,11.3
1.99,2.01,11.8
2.01,2.02,11.8
2.02,2.04,11.6
2.04,2.05,11.5
2.05,2.06,11.6
2.06,2.07,11.9
2.07,2.09,12
2.09,2.1,12
2.1,2.12,12.1
2.12,2.13,12
2.13,2.14,12.4
2.14,2.15,12.5
2.15,2.17,12.2
2.17,2.19,12.3
2.19,2.2,12.5
2.2,2.21,12.6
2.21,2.23,12.6
2.23,2.24,12.8
2.24,2.25,13
2.25,2.27,12.9
2.27,2.28,12.8
2.28,2.3,13
2.3,2.31,13
2.31,2.32,13.2
2.32,2.33,13.3
2.33,2.35,13.3
2.35,2.36,13.5
2.36,2.37,13.7
2.37,2.39,13.5
2.39,2.4,13.4
2.4,2.41,13.5
2.41,2.42,13.6
2.42,2.44,13.7
2.44,2.45,13.5
2.45,2.46,13.6
2.46,2.47,13.8
2.47,2.48,13.8
2.48,2.5,14
2.5,2.51,14.1
2.51,2.52,14.4
2.52,2.54,14.3
2.54,2.55,14.1
2.55,2.56,14
2.56,2.58,14.3
2.58,2.59,14.5
2.59,2.6,14.6
2.6,2.61,14.6
2.61,2.63,14.5
2.63,2.64,14.7
2.64,2.65,14.9
2.65,2.67,15.2
2.67,2.68,15.2
2.68,2.69,14.7
2.69,2.71,14.8
2.71,2.72,15.2
2.72,2.73,15.3
2.73,2.74,15.4
2.74,2.76,15.5
2.76,2.77,15.4
2.77,2.79,15.3
2.79,2.8,15.6
2.8,2.81,15.8
2.81,2.82,15.8
2.82,2.84,15.8
2.84,2.85,16.1
2.85,2.86,16
2.86,2.88,15.8
2.88,2.88,16
2.88,2.9,16
2.9,2.91,15.9
2.91,2.92,16
2.92,2.93,16
2.93,2.95,16.1
2.95,2.96,16.4
2.96,2.97,16.3
2.97,2.98,16.5
2.98,3,16.8
3,3.01,16.6
3.01,3.02,16.7
3.02,3.04,16.9
3.04,3.05,16.9
3.05,3.06,16.9
3.06,3.07,17.1
3.07,3.09,17.1
3.09,3.1,17.2
3.1,3.11,17.4
3.11,3.12,17.3
3.12,3.14,17.2
3.14,3.15,17.2
3.15,3.16,17.5
3.16,3.18,17.8
3.18,3.19,17.9
3.19,3.2,18
3.2,3.22,18
3.22,3.23,17.7
3.23,3.24,17.9
3.24,3.26,18.1
3.26,3.27,18.4
3.27,3.28,18.4
3.28,3.3,18.4
3.3,3.31,18.6
3.31,3.32,18.6
3.32,3.34,18.5
3.34,3.35,18.5
3.35,3.36,18.6
3.36,3.37,18.6
3.37,3.39,18.7
3.39,3.4,18.6
3.4,3.41,18.8
3.41,3.42,18.9
3.42,3.44,19
3.44,3.44,19.2
3.44,3.46,19.2
3.46,3.47,18.9
3.47,3.48,19
3.48,3.49,19.1
3.49,3.51,19.2
3.51,3.52,19.4
3.52,3.53,19.4
3.53,3.55,19.4
3.55,3.56,19.3
3.56,3.57,19.4
3.57,3.59,19.9
3.59,3.6,19.8
3.6,3.61,19.8
3.61,3.62,20
3.62,3.63,20.2
3.63,3.65,20.5
3.65,3.66,20.4
3.66,3.67,20.3
3.67,3.68,20.4
3.68,3.7,20.5
3.7,3.71,20.4
3.71,3.73,20.5
3.73,3.74,20.5
3.74,3.75,20.6
3.75,3.76,20.9
3.76,3.78,21
3.78,3.79,20.9
3.79,3.81,20.9
3.81,3.82,21.1
3.82,3.83,21
3.83,3.84,21
3.84,3.86,21.2
3.86,3.87,21.4
3.87,3.88,21.3
3.88,3.9,21.3
3.9,3.91,21.4
3.91,3.92,21.3
3.92,3.93,21.6
3.93,3.95,21.5
3.95,3.95,21.6
3.95,3.97,21.8
3.97,3.98,22.1
3.98,3.99,22.3
3.99,4,21.9
4,4.01,21.9
4.01,4.03,22.1
4.03,4.03,22
4.03,4.05,22.2
4.05,4.06,22.4
4.06,4.07,22.3
4.07,4.09,22.2
4.09,4.1,22.4
4.1,4.11,22.4
4.11,4.13,22.6
4.13,4.14,22.6
4.14,4.15,22.4
4.15,4.16,22.4
4.16,4.18,22.5
4.18,4.19,22.9
4.19,4.2,23.1
4.2,4.21,22.9
4.21,4.22,23
4.22,4.23,23.2
4.23,4.25,23.1
4.25,4.26,23
4.26,4.27,23.2
4.27,4.29,23.5
4.29,4.3,23.4
4.3,4.31,23.3
4.31,4.32,23.9
4.32,4.34,23.7
4.34,4.35,23.5
4.35,4.36,23.9
4.36,4.38,23.9
4.38,4.39,23.9
4.39,4.4,24
4.4,4.42,23.9
4.42,4.43,23.8
4.43,4.44,24.2
4.44,4.45,24.3
4.45,4.46,24.3
4.46,4.48,24.5
4.48,4.49,24.5
4.49,4.5,24.5
4.5,4.51,24.5
4.51,4.53,24.7
4.53,4.54,24.9
4.54,4.55,24.9
4.55,4.57,24.9
4.57,4.58,24.8
4.58,4.59,25.1
4.59,4.61,25.1
4.61,4.61,25.1
4.61,4.63,25.3
4.63,4.65,25.4
4.65,4.66,25.3
4.66,4.67,25.5
4.67,4.69,25.7
4.69,4.7,25.7
4.7,4.71,25.6
4.71,4.72,25.7
4.72,4.74,25.6
4.74,4.75,25.7
4.75,4.76,26
4.76,4.78,25.9
4.78,4.78,25.9
4.78,4.8,25.9
4.8,4.82,25.9
4.82,4.82,26
4.82,4.84,26.1
4.84,4.86,26.2
4.86,4.86,26.2
4.86,4.88,26.5
4.88,4.89,26.5
4.89,4.9,26.5
4.9,4.92,26.5
4.92,4.93,26.8
4.93,4.94,26.8
4.94,4.95,26.5
4.95,4.97,26.6
4.97,4.98,26.8
4.98,4.99,27
4.99,4.99,27.1
4.99,4.99,26.9
4.99,4.99,26.6
4.99,4.99,26.4
4.99,4.99,26.7
4.99,4.99,26.7
4.99,4.99,26.5
4.99,4.99,26.7
4.99,4.99,26.9
4.99,4.99,26.9
4.99,4.99,26.7
4.99,4.99,26.8
4.99,4.99,26.4
4.99,4.99,26.5
4.99,4.99,26.7
4.99,4.99,26.8
4.99,4.99,26.7
4.99,4.99,26.7
4.99,4.99,26.9
4.99,4.98,26.7
4.98,4.97,26.7
4.97,4.95,26.7
4.95,4.94,26.9
4.94,4.93,26.7
4.93,4.92,26.5
4.92,4.91,26.4
4.91,4.89,26.3
4.89,4.88,26.4
4.88,4.86,26.1
4.86,4.85,26
4.85,4.84,26.1
4.84,4.82,26.1
4.82,4.82,25.7
4.82,4.8,25.5
4.8,4.78,25.5
4.78,4.78,25.5
4.78,4.76,25.7
4.76,4.75,25.6
4.75,4.74,25.4
4.74,4.72,25.1
4.72,4.71,25.2
4.71,4.7,25.3
4.7,4.69,25.2
4.69,4.67,25.1
4.67,4.66,24.9
4.66,4.65,25
4.65,4.63,24.9
4.63,4.62,24.7
4.62,4.61,24.7
4.61,4.59,24.8
4.59,4.59,24.8
4.59,4.57,24.9
4.57,4.55,24.7
4.55,4.55,24.5
4.55,4.53,24.3
4.53,4.52,24.1
4.52,4.51,24.1
4.51,4.5,24.1
4.5,4.48,24.2
4.48,4.47,24.1
4.47,4.46,24
4.46,4.45,24
4.45,4.44,23.8
4.44,4.42,23.6
4.42,4.41,23.8
4.41,4.4,23.9
4.4,4.39,23.9
4.39,4.37,23.6
4.37,4.36,23.4
4.36,4.34,23.6
4.34,4.33,23.6
4.33,4.32,23.4
4.32,4.31,23.2
4.31,4.3,22.9
4.3,4.28,23
4.28,4.27,23.2
4.27,4.26,23
4.26,4.24,22.8
4.24,4.23,22.7
4.23,4.22,22.6
4.22,4.21,22.6
4.21,4.19,22.8
4.19,4.18,22.7
4.18,4.17,22.6
4.17,4.16,22.4
4.16,4.14,22.3
4.14,4.13,22.2
4.13,4.11,22.3
4.11,4.11,22.3
4.11,4.09,22
4.09,4.07,21.9
4.07,4.07,22.1
4.07,4.05,21.9
4.05,4.04,21.8
4.04,4.03,21.6
4.03,4.01,21.5
4.01,4.01,21.6
4.01,4,21.6
4,3.98,21.5
3.98,3.97,21.5
3.97,3.96,21.3
3.96,3.95,21.4
3.95,3.93,21.5
3.93,3.93,21.5
3.93,3.91,21.3
3.91,3.9,21.2
3.9,3.89,21
3.89,3.87,21
3.87,3.86,21.1
3.86,3.85,21
3.85,3.84,20.8
3.84,3.82,20.6
3.82,3.81,20.5
3.81,3.8,20.5
3.8,3.78,20.5
3.78,3.77,20.5
3.77,3.76,20.5
3.76,3.75,20.4
3.75,3.73,20.2
3.73,3.72,20.2
3.72,3.71,20.1
3.71,3.69,20.1
3.69,3.68,19.9
3.68,3.67,20
3.67,3.65,19.9
3.65,3.64,19.9
3.64,3.63,20
3.63,3.61,20
3.61,3.6,19.7
3.6,3.59,19.4
3.59,3.58,19.4
3.58,3.56,19.2
3.56,3.55,19.1
3.55,3.54,19.1
3.54,3.53,19.2
3.53,3.52,19.3
3.52,3.5,19.1
3.5,3.49,19
3.49,3.48,19
3.48,3.46,19
3.46,3.45,18.9
3.45,3.44,18.6
3.44,3.43,18.5
3.43,3.42,18.4
3.42,3.41,18.6
3.41,3.39,18.8
3.39,3.38,18.7
3.38,3.37,18.8
3.37,3.35,18.5
3.35,3.34,18.4
3.34,3.33,18.3
3.33,3.31,18.3
3.31,3.3,18.2
3.3,3.29,18
3.29,3.28,17.9
3.28,3.26,17.9
3.26,3.25,18
3.25,3.24,17.8
3.24,3.22,17.5
3.22,3.21,17.6
3.21,3.2,17.6
3.2,3.19,17.7
3.19,3.17,17.5
3.17,3.16,17.4
3.16,3.15,17.2
3.15,3.13,17.3
3.13,3.12,17.2
3.12,3.11,17.2
3.11,3.09,17.1
3.09,3.08,17.2
3.08,3.07,17.2
3.07,3.05,17.1
3.05,3.04,17
3.04,3.03,16.6
3.03,3.01,16.7
3.01,3.01,16.8
3.01,2.99,16.5
2.99,2.98,16.5
2.98,2.97,16.5
2.97,2.96,16.5
2.96,2.94,16.4
2.94,2.93,16.2
2.93,2.92,16.3
2.92,2.9,16.5
2.9,2.89,16
2.89,2.88,15.8
2.88,2.87,16
2.87,2.85,15.9
2.85,2.84,15.7
2.84,2.83,15.7
2.83,2.81,15.7
2.81,2.8,15.7
2.8,2.79,15.5
2.79,2.78,15.3
2.78,2.77,15.2
2.77,2.75,15.1
2.75,2.74,14.9
2.74,2.73,14.9
2.73,2.71,15
2.71,2.7,15.1
2.7,2.69,14.8
2.69,2.67,15
2.67,2.66,15
2.66,2.65,14.7
2.65,2.63,14.5
2.63,2.62,14.4
2.62,2.61,14.5
2.61,2.59,14.4
2.59,2.58,14.5
2.58,2.57,14.5
2.57,2.56,14.1
2.56,2.54,13.8
2.54,2.53,13.8
2.53,2.52,13.7
2.52,2.5,13.9
2.5,2.49,13.9
2.49,2.48,13.8
2.48,2.47,13.5
2.47,2.45,13.4
2.45,2.44,13.3
2.44,2.43,13.3
2.43,2.41,13.2
2.41,2.41,13.1
2.41,2.39,13.3
2.39,2.38,13.3
2.38,2.37,13.4
2.37,2.35,13.2
2.35,2.34,12.8
2.34,2.33,12.7
2.33,2.31,13
2.31,2.3,12.9
2.3,2.29,12.6
2.29,2.27,-40.2
2.27,2.26,12.2
2.26,2.2,12.3
2.2,2.18,12.1
2.18,2.16,12.1
2.16,2.15,12.2
2.15,2.14,12.2
2.14,2.12,12.1
2.12,2.11,12
2.11,2.1,11.7
2.1,2.08,11.8
2.08,2.07,11.8
2.07,2.06,11.7
2.06,2.04,11.5
2.04,2.03,11.4
2.03,2.02,11.6
2.02,2,11.5
2,1.99,11.3
1.99,1.98,11.2
1.98,1.97,11.1
1.97,1.95,11
1.95,1.94,10.9
1.94,1.92,10.7
1.92,1.91,10.8
1.91,1.9,10.7
1.9,1.88,10.9
1.88,1.87,10.9
1.87,1.86,10.4
1.86,1.85,10.4
1.85,1.83,10.3
1.83,1.82,10.1
1.82,1.81,10.2
1.81,1.79,10.2
1.79,1.78,10.4
1.78,1.77,10.2
1.77,1.75,10
1.75,1.75,9.9
1.75,1.74,9.6
1.74,1.72,9.4
1.72,1.71,9.5
1.71,1.7,9.5
1.7,1.68,9.4
1.68,1.67,9.4
1.67,1.65,9.5
1.65,1.64,9.5
1.64,1.63,9.4
1.63,1.61,9.3
1.61,1.6,9.3
1.6,1.59,9.1
1.59,1.58,8.7
1.58,1.57,8.9
1.57,1.55,8.9
1.55,1.54,8.7
1.54,1.52,8.7
1.52,1.51,8.9
1.51,1.5,8.8
1.5,1.49,8.4
1.49,1.48,8.5
1.48,1.47,8.7
1.47,1.45,8.5
1.45,1.43,8.2
1.43,1.43,8
1.43,1.41,8.1
1.41,1.4,8
1.4,1.39,7.8
1.39,1.37,7.9
1.37,1.36,7.9
1.36,1.35,7.5
1.35,1.34,7.6
1.34,1.32,7.6
1.32,1.3,7.6
1.3,1.29,7.7
1.29,1.27,7.6
1.27,1.26,7.4
1.26,1.25,7.6
1.25,1.24,7.3
1.24,1.23,7.1
1.23,1.22,7.1
1.22,1.2,7.3
1.2,1.18,7.3
1.18,1.17,7.4
1.17,1.16,7.2
1.16,1.14,7.4
1.14,1.13,7.4
1.13,1.12,7
1.12,1.1,6.9
1.1,1.09,7
1.09,1.08,7
1.08,1.06,6.7
1.06,1.05,6.5
1.05,1.04,6.7
1.04,1.02,6.9
1.02,1.01,6.7
1.01,1,6.6
1,0.98,6.4
0.98,0.98,6.2
0.98,0.96,6.5
0.96,0.95,6.4
0.95,0.93,6.3
0.93,0.93,5.9
0.93,0.91,5.9
0.91,0.9,5.9
0.9,0.88,5.6
0.88,0.87,5.6
0.87,0.86,5.4
0.86,0.85,5.7
0.85,0.83,5.6
0.83,0.82,5.6
0.82,0.81,5.5
0.81,0.8,5.3
0.8,0.78,5.4
0.78,0.77,5.3
0.77,0.76,5.2
0.76,0.75,5.1
0.75,0.74,5.1
0.74,0.72,4.9
0.72,0.7,4.9
0.7,0.7,4.9
0.7,0.68,4.6
0.68,0.67,4.6
0.67,0.65,4.8
0.65,0.64,4.7
0.64,0.63,4.7
0.63,0.61,4.5
0.61,0.6,4.4
0.6,0.58,4.5
0.58,0.57,4.7
0.57,0.56,4.5
0.56,0.55,4.3
0.55,0.54,4.2
0.54,0.52,4.4
0.52,0.51,4.1
0.51,0.5,4.2
0.5,0.49,4.3
0.49,0.47,4.2
0.47,0.45,4.1
0.45,0.45,4
0.45,0.44,3.9
0.44,0.42,3.7
0.42,0.41,3.9
0.41,0.4,4
0.4,0.38,3.9
0.38,0.37,3.7
0.37,0.36,3.9
0.36,0.35,3.9
0.35,0.34,3.6
0.34,0.32,3.6
0.32,0.3,3.7
0.3,0.29,3.7
0.29,0.28,3.6
0.28,0.27,3.6
0.27,0.25,3.6
0.25,0.25,3.7
0.25,0.23,3.3
0.23,0.22,3.3
0.22,0.21,3.2
0.21,0.19,3.1
0.19,0.18,3.2
0.18,0.17,3.1
0.17,0.15,3.1
0.15,0.14,3.2
0.14,0.13,3.1
0.13,0.12,3.2
0.12,0.1,2.9
0.1,0.09,2.7
0.09,0.08,3
0.08,0.07,3.1
0.07,0.05,2.9
0.05,0.04,2.8
0.04,0.03,2.6
0.03,0.02,2.7
0.02,0,2.6
0,0,2.4
0,0,2.4
0,0,2.6
0,0,2.5
0,0,2.5
0,0,2.5
0,0,2.7
0,0,2.7
0,0,2.8
0,0,2.7
0,0,2.6
0,0,2.5
0,0,2.6
0,0,2.5
0,0,2.8
0,0,2.7
0,0,2.4
0,0,2.5
0,0.01,2.6
0.01,0.01,2.9
0.01,0.03,3.1
0.03,0.04,2.9
0.04,0.05,2.9
0.05,0.06,2.8
0.06,0.08,2.8
0.08,0.09,3
0.09,0.1,3.1
0.1,0.12,3.2
0.12,0.12,3.3
0.12,0.14,3.4
0.14,0.15,3.6
0.15,0.17,3.7
0.17,0.17,3.8
0.17,0.19,3.7
0.19,0.2,3.8
0.2,0.21,3.9
0.21,0.22,3.9
0.22,0.24,4.1
0.24,0.25,4
0.25,0.26,4.3
0.26,0.27,4.4
0.27,0.28,4.4
0.28,0.3,4.5
0.3,0.31,4.5
0.31,0.32,4.4
0.32,0.34,4.4
0.34,0.35,4.3
0.35,0.37,4.6
0.37,0.37,4.6
0.37,0.39,4.6
0.39,0.4,4.9
0.4,0.41,4.8
0.41,0.43,4.7
0.43,0.44,4.7
0.44,0.45,4.9
0.45,0.46,5
0.46,0.47,5.3
0.47,0.49,5.3
0.49,0.5,5.3
0.5,0.51,5.3
0.51,0.52,5.4
0.52,0.54,5.4
0.54,0.55,5.6
0.55,0.56,5.7
0.56,0.58,5.7
0.58,0.6,6
0.6,0.6,6.1
0.6,0.61,6
0.61,0.63,6
0.63,0.64,6.1
0.64,0.65,6
0.65,0.67,6
0.67,0.68,6.2
0.68,0.7,6.1
0.7,0.71,6.2
0.71,0.72,6.5
0.72,0.74,6.7
0.74,0.75,6.5
0.75,0.76,6.6
0.76,0.77,7.1
0.77,0.79,7
0.79,0.8,6.6
0.8,0.81,6.8
0.81,0.83,6.8
0.83,0.84,7
0.84,0.85,7.5
0.85,0.86,7.4
0.86,0.88,7.5
0.88,0.88,7.5
0.88,0.9,7.5
0.9,0.91,7.6
0.91,0.93,7.6
0.93,0.94,7.6
0.94,0.95,7.6
0.95,0.96,7.7
0.96,0.98,8
0.98,0.99,8.1
0.99,1,8.2
1,1.01,8.2
1.01,1.03,8.3
1.03,1.04,8.3
1.04,1.05,8.3
1.05,1.07,8.2
1.07,1.08,8.4
1.08,1.09,8.7
1.09,1.11,8.5
1.11,1.12,8.6
1.12,1.13,8.6
1.13,1.15,8.7
1.15,1.16,8.8
1.16,1.17,9
1.17,1.19,8.9
1.19,1.21,8.9
1.21,1.22,9.1
1.22,1.23,9.1
1.23,1.25,9.2
1.25,1.25,9.3
1.25,1.27,9.3
1.27,1.28,9.1
1.28,1.29,9.6
1.29,1.31,9.9
1.31,1.33,9.7
1.33,1.34,9.8
1.34,1.35,9.6
1.35,1.37,9.6
1.37,1.37,9.9
1.37,1.39,10
1.39,1.4,10.1
1.4,1.41,10
1.41,1.42,10.1
1.42,1.44,10.2
1.44,1.45,10.1
1.45,1.47,10.2
1.47,1.48,10.1
1.48,1.49,10.4
1.49,1.5,10.7
1.5,1.51,10.6
1.51,1.53,10.5
1.53,1.54,10.8
1.54,1.55,10.6
1.55,1.57,10.5
1.57,1.58,10.7
1.58,1.59,10.8
1.59,1.61,10.9
1.61,1.62,11
1.62,1.63,10.9
1.63,1.65,11
1.65,1.65,11.1
1.65,1.66,11.2
1.66,1.68,11.2
1.68,1.7,11.3
1.7,1.71,11.4
1.71,1.73,11.4
1.73,1.74,11.2
1.74,1.75,11.3
1.75,1.76,11.6
1.76,1.77,11.9
1.77,1.78,11.9
1.78,1.8,12
1.8,1.82,11.9
1.82,1.82,11.8
1.82,1.84,12
1.84,1.85,12.2
1.85,1.86,12.1
1.86,1.88,12.2
1.88,1.89,12.2
1.89,1.9,12.2
1.9,1.91,12.4
1.91,1.93,12.4
1.93,1.94,12.3
1.94,1.95,12.5
1.95,1.97,12.5
1.97,1.98,12.7
1.98,1.99,12.9
1.99,2.01,12.8
2.01,2.02,12.9
2.02,2.03,13
2.03,2.05,12.9
2.05,2.06,12.8
2.06,2.07,13
2.07,2.09,13.1
2.09,2.1,13
2.1,2.11,13
2.11,2.13,13.3
2.13,2.14,13.5
2.14,2.15,13.8
2.15,2.17,13.8
2.17,2.18,14
2.18,2.2,13.9
2.2,2.21,14
2.21,2.23,14
2.23,2.24,13.9
2.24,2.25,14
2.25,2.27,14.1
2.27,2.28,14.1
2.28,2.29,14
2.29,2.31,14.3
2.31,2.32,14.3
2.32,2.33,14.4
2.33,2.35,14.4
2.35,2.36,14.5
2.36,2.37,14.5
2.37,2.39,14.4
2.39,2.4,14.9
2.4,2.41,15
2.41,2.42,14.8
2.42,2.44,14.9
2.44,2.45,15.2
2.45,2.46,15.1
2.46,2.47,15.1
2.47,2.48,15.3
2.48,2.5,15.4
2.5,2.51,15.3
2.51,2.52,15.4
2.52,2.54,15.3
2.54,2.55,15.5
2.55,2.56,15.6
2.56,2.57,15.6
2.57,2.59,15.8
2.59,2.6,15.7
2.6,2.61,15.8
2.61,2.63,15.9
2.63,2.64,15.9
2.64,2.65,15.9
2.65,2.67,16.2
2.67,2.68,16.3
2.68,2.69,16.2
2.69,2.7,16.3
2.7,2.72,16.4
2.72,2.73,16.4
2.73,2.74,16.2
2.74,2.76,16.6
2.76,2.77,16.8
2.77,2.78,16.5
2.78,2.8,16.7
2.8,2.81,16.7
2.81,2.82,16.7
2.82,2.84,16.6
2.84,2.85,16.8
2.85,2.86,16.8
2.86,2.87,16.8
2.87,2.88,17.1
2.88,2.9,17.2
2.9,2.91,17.1
2.91,2.92,17
2.92,2.93,17.1
2.93,2.95,17.3
2.95,2.96,17.5
2.96,2.97,17.4
2.97,2.98,17.3
2.98,3,17.5
3,3.01,17.7
3.01,3.02,17.8
3.02,3.03,17.9
3.03,3.05,17.6
3.05,3.06,17.8
3.06,3.07,17.9
3.07,3.08,17.9
3.08,3.1,17.7
3.1,3.11,18
3.11,3.12,18.2
3.12,3.14,18.2
3.14,3.15,18.3
3.15,3.16,18.2
3.16,3.18,18.2
3.18,3.19,18.3
3.19,3.2,18.6
3.2,3.21,18.6
3.21,3.23,18.9
3.23,3.24,18.8
3.24,3.25,18.7
3.25,3.27,18.6
3.27,3.28,18.7
3.28,3.29,18.7
3.29,3.31,19.1
3.31,3.32,19.2
3.32,3.33,19.2
3.33,3.35,19.1
3.35,3.36,19.2
3.36,3.37,19.2
3.37,3.38,19.3
3.38,3.4,19.6
3.4,3.41,19.6
3.41,3.42,19.4
3.42,3.43,19.4
3.43,3.44,19.4
3.44,3.46,19.3
3.46,3.47,19.4
3.47,3.48,19.5
3.48,3.49,19.6
3.49,3.51,19.8
3.51,3.52,20
3.52,3.53,20
3.53,3.55,20.1
3.55,3.56,20.3
3.56,3.57,20.2
3.57,3.58,20.3
3.58,3.59,20.4
3.59,3.61,20.5
3.61,3.62,20.5
3.62,3.63,20.3
3.63,3.64,20.5
3.64,3.66,20.7
3.66,3.67,20.9
3.67,3.68,20.8
3.68,3.7,21
3.7,3.71,21.1
3.71,3.72,21
3.72,3.74,21.3
3.74,3.75,21.4
3.75,3.76,21.4
3.76,3.78,21.2
3.78,3.79,21.7
3.79,3.8,21.6
3.8,3.82,21.5
3.82,3.83,21.6
3.83,3.84,21.5
3.84,3.86,21.4
3.86,3.87,21.5
3.87,3.88,21.5
3.88,3.9,21.7
3.9,3.91,21.8
3.91,3.92,22.3
3.92,3.93,22.2
3.93,3.94,22.1
3.94,3.95,22.1
3.95,3.97,22.2
3.97,3.98,22.4
3.98,3.99,22
3.99,4,22.2
4,4.01,22.2
4.01,4.03,22.3
4.03,4.03,22.5
4.03,4.05,22.5
4.05,4.06,22.5
4.06,4.07,22.4
4.07,4.09,22.3
4.09,4.09,22.9
4.09,4.11,22.8
4.11,4.12,22.8
4.12,4.14,22.7
4.14,4.15,22.7
4.15,4.16,23
4.16,4.18,23.1
4.18,4.18,22.9
4.18,4.2,22.9
4.2,4.21,23.2
4.21,4.22,23.2
4.22,4.23,23.2
4.23,4.25,23.4
4.25,4.26,23.3
4.26,4.27,23.3
4.27,4.28,23.7
4.28,4.3,23.7
4.3,4.3,23.6
4.3,4.32,23.4
4.32,4.34,23.7
4.34,4.34,23.8
4.34,4.36,23.7
4.36,4.38,23.9
4.38,4.39,24.1
4.39,4.4,24
4.4,4.42,24.1
4.42,4.43,24.2
4.43,4.44,24.3
4.44,4.45,24.6
4.45,4.46,24.5
4.46,4.47,24.3
4.47,4.49,24.2
4.49,4.5,24.4
4.5,4.51,24.3
4.51,4.53,24.4
4.53,4.53,24.6
4.53,4.55,24.6
4.55,4.57,24.5
4.57,4.57,24.5
4.57,4.59,24.5
4.59,4.6,24.6
4.6,4.61,24.9
4.61,4.63,25
4.63,4.64,25.1
4.64,4.66,25
4.66,4.67,25.3
4.67,4.68,25.1
4.68,4.7,24.8
4.7,4.7,25
4.7,4.72,25.4
4.72,4.73,25.4
4.73,4.74,25.4
4.74,4.76,25.3
4.76,4.77,25.3
4.77,4.78,25.6
4.78,4.8,25.8
4.8,4.82,25.8
4.82,4.82,25.8
4.82,4.84,25.7
4.84,4.85,25.7
4.85,4.86,25.7
4.86,4.88,25.8
4.88,4.89,26
4.89,4.9,26.1
4.9,4.92,26.3
4.92,4.93,26.1
4.93,4.94,26.1
4.94,4.95,26.3
4.95,4.97,26.3
4.97,4.98,26.4
4.98,4.99,26.5
4.99,4.99,26.7
4.99,4.99,26.8
4.99,4.99,26.7
4.99,4.99,26.6
4.99,4.99,27
4.99,4.99,26.7
4.99,4.99,26.6
4.99,4.99,26.3
4.99,4.99,26.3
4.99,4.99,26.5
4.99,4.99,26.6
4.99,4.99,26.6
4.99,4.99,26.5
4.99,4.99,26.4
4.99,4.99,26.4
4.99,4.99,26.3
4.99,4.99,26.4
4.99,4.99,26.3
4.99,4.99,26.5
4.99,4.98,26.5
4.98,4.97,26.2
4.97,4.95,26.1
4.95,4.94,25.8
4.94,4.93,25.7
4.93,4.92,25.8
4.92,4.91,26
4.91,4.89,25.7
4.89,4.88,25.5
4.88,4.86,25.4
4.86,4.85,25.6
4.85,4.84,25.5
4.84,4.82,25.3
4.82,4.82,25.1
4.82,4.8,25
4.8,4.79,24.8
4.79,4.78,24.9
4.78,4.76,24.7
4.76,4.75,24.7
4.75,4.74,24.5
4.74,4.72,24.3
4.72,4.71,24.6
4.71,4.7,24.6
4.7,4.69,24.5
4.69,4.67,24.3
4.67,4.66,24.1
4.66,4.65,24
4.65,4.63,23.8
4.63,4.62,23.8
4.62,4.61,24
4.61,4.59,24.1
4.59,4.59,24
4.59,4.57,23.9
4.57,4.55,23.8
4.55,4.55,23.7
4.55,4.53,23.7
4.53,4.52,23.7
4.52,4.51,23.7
4.51,4.5,23.4
4.5,4.48,23.3
4.48,4.47,23.2
4.47,4.46,23.2
4.46,4.45,23
4.45,4.44,22.8
4.44,4.43,22.8
4.43,4.41,23.1
4.41,4.4,22.9
4.4,4.39,23
4.39,4.37,22.9
4.37,4.36,22.7
4.36,4.34,22.8
4.34,4.33,22.7
4.33,4.32,22.6
4.32,4.31,22.7
4.31,4.3,22.3
4.3,4.28,22.2
4.28,4.27,22.1
4.27,4.26,22.1
4.26,4.24,22
4.24,4.23,22.2
4.23,4.22,22.2
4.22,4.21,22.3
4.21,4.19,22.2
4.19,4.18,22
4.18,4.17,22.2
4.17,4.16,22.4
4.16,4.15,21.8
4.15,4.13,21.6
4.13,4.11,21.4
4.11,4.11,21.4
4.11,4.09,21.3
4.09,4.08,21.4
4.08,4.07,21.4
4.07,4.05,21.5
4.05,4.04,21.5
4.04,4.03,21.2
4.03,4.02,21.1
4.02,4.01,21.1
4.01,4,20.8
4,3.98,20.7
3.98,3.97,20.8
3.97,3.96,20.9
3.96,3.95,20.7
3.95,3.94,20.5
3.94,3.93,20.5
3.93,3.92,20.3
3.92,3.9,20.1
3.9,3.89,20.2
3.89,3.88,20.2
3.88,3.86,20.2
3.86,3.85,20.2
3.85,3.84,20.1
3.84,3.82,19.9
3.82,3.81,20
3.81,3.8,20
3.8,3.78,19.9
3.78,3.77,19.7
3.77,3.76,19.6
3.76,3.75,19.7
3.75,3.73,19.5
3.73,3.72,19.2
3.72,3.71,19.1
3.71,3.69,19.3
3.69,3.68,19.5
3.68,3.67,19.4
3.67,3.65,19.2
3.65,3.64,19.2
3.64,3.63,19.1
3.63,3.61,18.8
3.61,3.6,18.8
3.6,3.59,19.1
3.59,3.58,19
3.58,3.56,18.7
3.56,3.55,18.3
3.55,3.54,18.2
3.54,3.53,18.4
3.53,3.52,18.3
3.52,3.5,18.1
3.5,3.49,18.1
3.49,3.48,18.1
3.48,3.46,18
3.46,3.45,17.9
3.45,3.44,17.9
3.44,3.43,18.1
3.43,3.42,17.8
3.42,3.41,17.5
3.41,3.39,17.7
3.39,3.38,17.8
3.38,3.37,17.6
3.37,3.35,17.3
3.35,3.34,17.3
3.34,3.33,17.3
3.33,3.31,17.1
3.31,3.3,17.1
3.3,3.29,17.2
3.29,3.28,17.2
3.28,3.26,17.3
3.26,3.25,17.1
3.25,3.24,16.9
3.24,3.22,16.9
3.22,3.21,16.8
3.21,3.2,16.5
3.2,3.19,16.2
3.19,3.17,16.4
3.17,3.16,16.5
3.16,3.15,16.4
3.15,3.13,16.1
3.13,3.12,16
3.12,3.11,15.9
3.11,3.09,15.9
3.09,3.08,16
3.08,3.07,15.9
3.07,3.05,15.7
3.05,3.04,15.6
3.04,3.03,15.9
3.03,3.02,15.6
3.02,3.01,15.5
3.01,2.99,15.5
2.99,2.98,15.3
2.98,2.97,15.2
2.97,2.96,15.3
2.96,2.94,15.4
2.94,2.93,15.4
2.93,2.92,15.3
2.92,2.9,15.1
2.9,2.89,15.1
2.89,2.88,15.1
2.88,2.87,15.2
2.87,2.85,15.1
2.85,2.84,14.8
2.84,2.83,14.7
2.83,2.81,14.4
2.81,2.8,14.4
2.8,2.79,14.5
2.79,2.77,14.4
2.77,2.76,14.4
2.76,2.75,14.4
2.75,2.74,14.3
2.74,2.73,14.3
2.73,2.71,14
2.71,2.7,13.9
2.7,2.69,13.8
2.69,2.67,13.9
2.67,2.66,13.9
2.66,2.65,13.7
2.65,2.63,13.4
2.63,2.62,13.2
2.62,2.61,13.4
2.61,2.59,13.3
2.59,2.58,13.3
2.58,2.57,13.1
2.57,2.56,13.3
2.56,2.54,13.4
2.54,2.53,13
2.53,2.52,13
2.52,2.5,13.2
2.5,2.49,12.9
2.49,2.48,12.7
2.48,2.47,12.8
2.47,2.45,12.8
2.45,2.44,12.8
2.44,2.43,12.5
2.43,2.41,12.4
2.41,2.41,12.7
2.41,2.39,12.6
2.39,2.38,12.6
2.38,2.37,12.3
2.37,2.35,12.1
2.35,2.34,12.2
2.34,2.33,12.3
2.33,2.31,11.9
2.31,2.3,11.9
2.3,2.29,12.3
2.29,2.27,12.2
2.27,2.26,11.8
2.26,2.25,11.7
2.25,2.23,11.7
2.23,2.22,11.6
2.22,2.2,11.5
2.2,2.19,11.5
2.19,2.18,11.5
2.18,2.16,11.3
2.16,2.15,10.9
2.15,2.14,11.1
2.14,2.12,11.1
2.12,2.11,11.3
2.11,2.09,11.2
2.09,2.08,11
2.08,2.07,10.9
2.07,2.05,11
2.05,2.04,10.8
2.04,2.03,10.7
2.03,2.02,10.8
2.02,2,10.5
2,1.99,10.5
1.99,1.98,10.5
1.98,1.96,10.4
1.96,1.95,10.2
1.95,1.93,10.2
1.93,1.92,10.3
1.92,1.91,10.1
1.91,1.9,9.9
1.9,1.88,9.9
1.88,1.87,10.1
1.87,1.86,10
1.86,1.85,9.7
1.85,1.83,9.7
1.83,1.82,9.6
1.82,1.8,9.6
1.8,1.79,9.7
1.79,1.78,9.6
1.78,1.76,9.3
1.76,1.75,9.1
1.75,1.74,9.1
1.74,1.73,9.1
1.73,1.72,9.3
1.72,1.71,9.4
1.71,1.69,9.3
1.69,1.67,9
1.67,1.66,8.9
1.66,1.65,8.9
1.65,1.64,8.7
1.64,1.63,8.8
1.63,1.61,8.9
1.61,1.6,8.8
1.6,1.59,8.8
1.59,1.58,8.8
1.58,1.57,8.7
1.57,1.55,8.6
1.55,1.54,8.8
1.54,1.52,8.6
1.52,1.51,8.5
1.51,1.5,8.7
1.5,1.49,8.5
1.49,1.47,8.2
1.47,1.46,8
1.46,1.45,8.1
1.45,1.43,7.9
1.43,1.42,7.8
1.42,1.41,7.7
1.41,1.39,7.8
1.39,1.38,7.7
1.38,1.37,7.4
1.37,1.36,7.4
1.36,1.35,7.2
1.35,1.34,7.4
1.34,1.32,7.3
1.32,1.3,7
1.3,1.29,7
1.29,1.27,7.2
1.27,1.26,7
1.26,1.25,6.7
1.25,1.24,6.8
1.24,1.22,6.9
1.22,1.21,6.8
1.21,1.2,6.5
1.2,1.18,6.5
1.18,1.17,6.5
1.17,1.15,6.4
1.15,1.14,6.5
1.14,1.13,6.4
1.13,1.12,6.4
1.12,1.1,6.3
1.1,1.09,6.2
1.09,1.08,6
1.08,1.06,6
1.06,1.05,5.9
1.05,1.03,6
1.03,1.02,6
1.02,1.01,6
1.01,1,6
1,0.98,5.9
0.98,0.97,5.7
0.97,0.96,5.5
0.96,0.95,5.4
0.95,0.93,5.4
0.93,0.92,5.3
0.92,0.9,5.3
0.9,0.9,4.8
0.9,0.88,5.2
0.88,0.86,5.1
0.86,0.86,5.1
0.86,0.85,5.1
0.85,0.83,4.8
0.83,0.81,4.6
0.81,0.81,4.4
0.81,0.79,4.6
0.79,0.77,4.5
0.77,0.77,4.3
0.77,0.75,4.1
0.75,0.74,4.3
0.74,0.73,4.1
0.73,0.71,4.1
0.71,0.7,4.2
0.7,0.69,4
0.69,0.68,4.1
0.68,0.66,4
0.66,0.65,3.7
0.65,0.63,3.6
0.63,0.62,3.7
0.62,0.61,3.9
0.61,0.6,3.8
0.6,0.58,3.8
0.58,0.57,3.4
0.57,0.56,3.4
0.56,0.55,3.4
0.55,0.53,3.2
0.53,0.52,3.3
0.52,0.5,3.4
0.5,0.5,3.3
0.5,0.49,3.1
0.49,0.47,2.8
0.47,0.45,2.9
0.45,0.45,2.7
0.45,0.43,2.7
0.43,0.41,2.7
0.41,0.41,2.8
0.41,0.4,2.7
0.4,0.38,2.6
0.38,0.37,2.3
0.37,0.35,2.2
0.35,0.34,2.3
0.34,0.33,2.1
0.33,0.32,2
0.32,0.3,2
0.3,0.29,2
0.29,0.28,2.1
0.28,0.26,1.6
0.26,0.25,1.8
0.25,0.24,2.1
0.24,0.23,1.9
0.23,0.22,1.6
0.22,0.2,1.6
0.2,0.19,1.5
0.19,0.17,1.5
0.17,0.17,1.2
0.17,0.15,1.2
0.15,0.13,1.3
0.13,0.12,1.3
0.12,0.12,1.1
0.12,0.1,1.1
0.1,0.09,0.9
0.09,0.08,0.8
0.08,0.06,1
0.06,0.05,0.8
0.05,0.04,0.5
0.04,0.03,0.6
0.03,0.01,0.5
0.01,0,0.3
0,0,0.4
0,0,0.3
0,0,0.3
0,0,0.3
0,0,0.4
0,0,0.2
0,0,0.2
0,0,0.4
0,0,0.5
0,0,0.6
0,0,0.6
0,0,0.6
0,0,0.5
0,0,0.5
0,0,0.6
0,0,0.6
